email,firstName,lastName,company,jobTitle
zainop001@gmail.com,Zain,Ali,Tinfin,Mern
zain.ali.529001@gmail.com,Zain,Ali,Tinfin,Mern
sanpcheck1@gmail.com,Zain,Ali,Tinfin,Mern
test001@mailinator.com,Alice,Smith,Acme Corp,Engineer
test002@mailinator.com,Bob,Johnson,Globex Inc,Manager
test003@mailinator.com,Charlie,Williams,Initech,Director
test004@mailinator.com,Diana,Jones,Hooli,Analyst
test005@mailinator.com,Ethan,Brown,Umbrella Corp,Consultant
test006@mailinator.com,Fiona,Davis,Soylent Corp,Developer
test007@mailinator.com,George,Miller,Wonka Industries,Designer
test008@mailinator.com,Hannah,Wilson,Stark Industries,Specialist
test009@mailinator.com,Ian,Moore,Wayne Enterprises,Coordinator
test010@mailinator.com,Julia,Taylor,Gringotts Bank,Administrator
test011@mailinator.com,Alice,Smith,Acme Corp,Engineer
test012@mailinator.com,Bob,Johnson,Globex Inc,Manager
test013@mailinator.com,Charlie,Williams,Initech,Director
test014@mailinator.com,Diana,Jones,Hooli,Analyst
test015@mailinator.com,Ethan,Brown,Umbrella Corp,Consultant
test016@mailinator.com,Fiona,Davis,Soylent Corp,Developer
test017@mailinator.com,George,Miller,Wonka Industries,Designer
test018@mailinator.com,Hannah,Wilson,Stark Industries,Specialist
test019@mailinator.com,Ian,Moore,Wayne Enterprises,Coordinator
test020@mailinator.com,Julia,Taylor,Gringotts Bank,Administrator
test021@mailinator.com,Alice,Smith,Acme Corp,Engineer
test022@mailinator.com,Bob,Johnson,Globex Inc,Manager
test023@mailinator.com,Charlie,Williams,Initech,Director
test024@mailinator.com,Diana,Jones,Hooli,Analyst
test025@mailinator.com,Ethan,Brown,Umbrella Corp,Consultant
test026@mailinator.com,Fiona,Davis,Soylent Corp,Developer
test027@mailinator.com,George,Miller,Wonka Industries,Designer
test028@mailinator.com,Hannah,Wilson,Stark Industries,Specialist
test029@mailinator.com,Ian,Moore,Wayne Enterprises,Coordinator
test030@mailinator.com,Julia,Taylor,Gringotts Bank,Administrator
test031@mailinator.com,Alice,Smith,Acme Corp,Engineer
test032@mailinator.com,Bob,Johnson,Globex Inc,Manager
test033@mailinator.com,Charlie,Williams,Initech,Director
test034@mailinator.com,Diana,Jones,Hooli,Analyst
test035@mailinator.com,Ethan,Brown,Umbrella Corp,Consultant
test036@mailinator.com,Fiona,Davis,Soylent Corp,Developer
test037@mailinator.com,George,Miller,Wonka Industries,Designer
test038@mailinator.com,Hannah,Wilson,Stark Industries,Specialist
test039@mailinator.com,Ian,Moore,Wayne Enterprises,Coordinator
test040@mailinator.com,Julia,Taylor,Gringotts Bank,Administrator
test041@mailinator.com,Alice,Smith,Acme Corp,Engineer
test042@mailinator.com,Bob,Johnson,Globex Inc,Manager
test043@mailinator.com,Charlie,Williams,Initech,Director
test044@mailinator.com,Diana,Jones,Hooli,Analyst
test045@mailinator.com,Ethan,Brown,Umbrella Corp,Consultant
test046@mailinator.com,Fiona,Davis,Soylent Corp,Developer
test047@mailinator.com,George,Miller,Wonka Industries,Designer
test048@mailinator.com,Hannah,Wilson,Stark Industries,Specialist
test049@mailinator.com,Ian,Moore,Wayne Enterprises,Coordinator
test050@mailinator.com,Julia,Taylor,Gringotts Bank,Administrator
test051@mailinator.com,Alice,Smith,Acme Corp,Engineer
test052@mailinator.com,Bob,Johnson,Globex Inc,Manager
test053@mailinator.com,Charlie,Williams,Initech,Director
test054@mailinator.com,Diana,Jones,Hooli,Analyst
test055@mailinator.com,Ethan,Brown,Umbrella Corp,Consultant
test056@mailinator.com,Fiona,Davis,Soylent Corp,Developer
test057@mailinator.com,George,Miller,Wonka Industries,Designer
test058@mailinator.com,Hannah,Wilson,Stark Industries,Specialist
test059@mailinator.com,Ian,Moore,Wayne Enterprises,Coordinator
test060@mailinator.com,Julia,Taylor,Gringotts Bank,Administrator
test061@mailinator.com,Alice,Smith,Acme Corp,Engineer
test062@mailinator.com,Bob,Johnson,Globex Inc,Manager
test063@mailinator.com,Charlie,Williams,Initech,Director
test064@mailinator.com,Diana,Jones,Hooli,Analyst
test065@mailinator.com,Ethan,Brown,Umbrella Corp,Consultant
test066@mailinator.com,Fiona,Davis,Soylent Corp,Developer
test067@mailinator.com,George,Miller,Wonka Industries,Designer
test068@mailinator.com,Hannah,Wilson,Stark Industries,Specialist
test069@mailinator.com,Ian,Moore,Wayne Enterprises,Coordinator
test070@mailinator.com,Julia,Taylor,Gringotts Bank,Administrator
test071@mailinator.com,Alice,Smith,Acme Corp,Engineer
test072@mailinator.com,Bob,Johnson,Globex Inc,Manager
test073@mailinator.com,Charlie,Williams,Initech,Director
test074@mailinator.com,Diana,Jones,Hooli,Analyst
test075@mailinator.com,Ethan,Brown,Umbrella Corp,Consultant
test076@mailinator.com,Fiona,Davis,Soylent Corp,Developer
test077@mailinator.com,George,Miller,Wonka Industries,Designer
test078@mailinator.com,Hannah,Wilson,Stark Industries,Specialist
test079@mailinator.com,Ian,Moore,Wayne Enterprises,Coordinator
test080@mailinator.com,Julia,Taylor,Gringotts Bank,Administrator
test081@mailinator.com,Alice,Smith,Acme Corp,Engineer
test082@mailinator.com,Bob,Johnson,Globex Inc,Manager
test083@mailinator.com,Charlie,Williams,Initech,Director
test084@mailinator.com,Diana,Jones,Hooli,Analyst
test085@mailinator.com,Ethan,Brown,Umbrella Corp,Consultant
test086@mailinator.com,Fiona,Davis,Soylent Corp,Developer
test087@mailinator.com,George,Miller,Wonka Industries,Designer
test088@mailinator.com,Hannah,Wilson,Stark Industries,Specialist
test089@mailinator.com,Ian,Moore,Wayne Enterprises,Coordinator
test090@mailinator.com,Julia,Taylor,Gringotts Bank,Administrator
test091@mailinator.com,Alice,Smith,Acme Corp,Engineer
test092@mailinator.com,Bob,Johnson,Globex Inc,Manager
test093@mailinator.com,Charlie,Williams,Initech,Director
test094@mailinator.com,Diana,Jones,Hooli,Analyst
test095@mailinator.com,Ethan,Brown,Umbrella Corp,Consultant
test096@mailinator.com,Fiona,Davis,Soylent Corp,Developer
test097@mailinator.com,George,Miller,Wonka Industries,Designer
test098@mailinator.com,Hannah,Wilson,Stark Industries,Specialist
test099@mailinator.com,Ian,Moore,Wayne Enterprises,Coordinator
test100@mailinator.com,Julia,Taylor,Gringotts Bank,Administrator
test101@mailinator.com,Alice,Smith,Acme Corp,Engineer
test102@mailinator.com,Bob,Johnson,Globex Inc,Manager
test103@mailinator.com,Charlie,Williams,Initech,Director
test104@mailinator.com,Diana,Jones,Hooli,Analyst
test105@mailinator.com,Ethan,Brown,Umbrella Corp,Consultant
test106@mailinator.com,Fiona,Davis,Soylent Corp,Developer
test107@mailinator.com,George,Miller,Wonka Industries,Designer
test108@mailinator.com,Hannah,Wilson,Stark Industries,Specialist
test109@mailinator.com,Ian,Moore,Wayne Enterprises,Coordinator
test110@mailinator.com,Julia,Taylor,Gringotts Bank,Administrator
test111@mailinator.com,Alice,Smith,Acme Corp,Engineer
test112@mailinator.com,Bob,Johnson,Globex Inc,Manager
test113@mailinator.com,Charlie,Williams,Initech,Director
test114@mailinator.com,Diana,Jones,Hooli,Analyst
test115@mailinator.com,Ethan,Brown,Umbrella Corp,Consultant
test116@mailinator.com,Fiona,Davis,Soylent Corp,Developer
test117@mailinator.com,George,Miller,Wonka Industries,Designer
test118@mailinator.com,Hannah,Wilson,Stark Industries,Specialist
test119@mailinator.com,Ian,Moore,Wayne Enterprises,Coordinator
test120@mailinator.com,Julia,Taylor,Gringotts Bank,Administrator
test121@mailinator.com,Alice,Smith,Acme Corp,Engineer
test122@mailinator.com,Bob,Johnson,Globex Inc,Manager
test123@mailinator.com,Charlie,Williams,Initech,Director
test124@mailinator.com,Diana,Jones,Hooli,Analyst
test125@mailinator.com,Ethan,Brown,Umbrella Corp,Consultant
test126@mailinator.com,Fiona,Davis,Soylent Corp,Developer
test127@mailinator.com,George,Miller,Wonka Industries,Designer
test128@mailinator.com,Hannah,Wilson,Stark Industries,Specialist
test129@mailinator.com,Ian,Moore,Wayne Enterprises,Coordinator
test130@mailinator.com,Julia,Taylor,Gringotts Bank,Administrator
test131@mailinator.com,Alice,Smith,Acme Corp,Engineer
test132@mailinator.com,Bob,Johnson,Globex Inc,Manager
test133@mailinator.com,Charlie,Williams,Initech,Director
test134@mailinator.com,Diana,Jones,Hooli,Analyst
test135@mailinator.com,Ethan,Brown,Umbrella Corp,Consultant
test136@mailinator.com,Fiona,Davis,Soylent Corp,Developer
test137@mailinator.com,George,Miller,Wonka Industries,Designer
test138@mailinator.com,Hannah,Wilson,Stark Industries,Specialist
test139@mailinator.com,Ian,Moore,Wayne Enterprises,Coordinator
test140@mailinator.com,Julia,Taylor,Gringotts Bank,Administrator
test141@mailinator.com,Alice,Smith,Acme Corp,Engineer
test142@mailinator.com,Bob,Johnson,Globex Inc,Manager
test143@mailinator.com,Charlie,Williams,Initech,Director
test144@mailinator.com,Diana,Jones,Hooli,Analyst
test145@mailinator.com,Ethan,Brown,Umbrella Corp,Consultant
test146@mailinator.com,Fiona,Davis,Soylent Corp,Developer
test147@mailinator.com,George,Miller,Wonka Industries,Designer
test148@mailinator.com,Hannah,Wilson,Stark Industries,Specialist
test149@mailinator.com,Ian,Moore,Wayne Enterprises,Coordinator
test150@mailinator.com,Julia,Taylor,Gringotts Bank,Administrator
test151@mailinator.com,Alice,Smith,Acme Corp,Engineer
test152@mailinator.com,Bob,Johnson,Globex Inc,Manager
test153@mailinator.com,Charlie,Williams,Initech,Director
test154@mailinator.com,Diana,Jones,Hooli,Analyst
test155@mailinator.com,Ethan,Brown,Umbrella Corp,Consultant
test156@mailinator.com,Fiona,Davis,Soylent Corp,Developer
test157@mailinator.com,George,Miller,Wonka Industries,Designer
test158@mailinator.com,Hannah,Wilson,Stark Industries,Specialist
test159@mailinator.com,Ian,Moore,Wayne Enterprises,Coordinator
test160@mailinator.com,Julia,Taylor,Gringotts Bank,Administrator
test161@mailinator.com,Alice,Smith,Acme Corp,Engineer
test162@mailinator.com,Bob,Johnson,Globex Inc,Manager
test163@mailinator.com,Charlie,Williams,Initech,Director
test164@mailinator.com,Diana,Jones,Hooli,Analyst
test165@mailinator.com,Ethan,Brown,Umbrella Corp,Consultant
test166@mailinator.com,Fiona,Davis,Soylent Corp,Developer
test167@mailinator.com,George,Miller,Wonka Industries,Designer
test168@mailinator.com,Hannah,Wilson,Stark Industries,Specialist
test169@mailinator.com,Ian,Moore,Wayne Enterprises,Coordinator
test170@mailinator.com,Julia,Taylor,Gringotts Bank,Administrator
test171@mailinator.com,Alice,Smith,Acme Corp,Engineer
test172@mailinator.com,Bob,Johnson,Globex Inc,Manager
test173@mailinator.com,Charlie,Williams,Initech,Director
test174@mailinator.com,Diana,Jones,Hooli,Analyst
test175@mailinator.com,Ethan,Brown,Umbrella Corp,Consultant
test176@mailinator.com,Fiona,Davis,Soylent Corp,Developer
test177@mailinator.com,George,Miller,Wonka Industries,Designer
test178@mailinator.com,Hannah,Wilson,Stark Industries,Specialist
test179@mailinator.com,Ian,Moore,Wayne Enterprises,Coordinator
test180@mailinator.com,Julia,Taylor,Gringotts Bank,Administrator
test181@mailinator.com,Alice,Smith,Acme Corp,Engineer
test182@mailinator.com,Bob,Johnson,Globex Inc,Manager
test183@mailinator.com,Charlie,Williams,Initech,Director
test184@mailinator.com,Diana,Jones,Hooli,Analyst
test185@mailinator.com,Ethan,Brown,Umbrella Corp,Consultant
test186@mailinator.com,Fiona,Davis,Soylent Corp,Developer
test187@mailinator.com,George,Miller,Wonka Industries,Designer
test188@mailinator.com,Hannah,Wilson,Stark Industries,Specialist
test189@mailinator.com,Ian,Moore,Wayne Enterprises,Coordinator
test190@mailinator.com,Julia,Taylor,Gringotts Bank,Administrator
test191@mailinator.com,Alice,Smith,Acme Corp,Engineer
test192@mailinator.com,Bob,Johnson,Globex Inc,Manager
test193@mailinator.com,Charlie,Williams,Initech,Director
test194@mailinator.com,Diana,Jones,Hooli,Analyst
test195@mailinator.com,Ethan,Brown,Umbrella Corp,Consultant
test196@mailinator.com,Fiona,Davis,Soylent Corp,Developer
test197@mailinator.com,George,Miller,Wonka Industries,Designer
test198@mailinator.com,Hannah,Wilson,Stark Industries,Specialist
test199@mailinator.com,Ian,Moore,Wayne Enterprises,Coordinator
test200@mailinator.com,Julia,Taylor,Gringotts Bank,Administrator
